item no.,question,answer
1,"What is the normal adult resting pulse rate range?","60 to 100 beats per minute"
2,"Which cranial nerve is responsible for vision?","Cranial Nerve II (Optic Nerve)"
3,"What is the primary positioning for a patient receiving an enema?","Left Sims' position"
4,"Which insulin type is short-acting and can be administered intravenously?","Regular Insulin"
5,"What sign is present when passive dorsiflexion of the foot causes calf pain?","Homan's Sign"
6,"What is the preferred intramuscular injection site for infants under 12 months?","Vastus lateralis muscle"
7,"What is the five rights of medication administration?","Right patient, right drug, right dose, right route, right time"
8,"What position should a patient experiencing severe dyspnea be placed in?","High Fowler's position"
9,"What is the normal adult respiratory rate range?","12 to 20 breaths per minute"
10,"What is the angle of insertion for an intradermal injection?","10 to 15 degrees"
11,"What is the medical term for difficulty swallowing?","Dysphagia"
12,"What is the medical term for difficulty breathing when lying flat?","Orthopnea"
13,"What is the normal arterial blood pH range?","7.35 to 7.45"
14,"What is the antidote for Heparin overdose?","Protamine sulfate"
15,"What is the antidote for Warfarin (Coumadin) toxicity?","Vitamin K (Phytonadione)"
16,"What is the antidote for Acetaminophen toxicity?","N-acetylcysteine"
17,"What is the antidote for Opioid overdose?","Naloxone (Narcan)"
18,"What is the antidote for Digoxin toxicity?","Digoxin immune fab (Digibind)"
19,"What is the therapeutic serum level range for Lithium?","0.6 to 1.2 mEq/L"
20,"What common side effect is uniquely associated with ACE inhibitors?","Persistent dry cough"
21,"What assessment must be performed for one full minute prior to administering Digoxin?","Apical pulse (hold if under 60 bpm)"
22,"Which laboratory test is monitored during Heparin therapy?","Activated Partial Thromboplastin Time (aPTT)"
23,"Which laboratory test is monitored during Warfarin therapy?","Prothrombin Time / International Normalized Ratio (PT/INR)"
24,"What is the normal fetal heart rate range?","110 to 160 beats per minute"
25,"What rule is used to estimate the Expected Date of Delivery (EDD)?","Naegele's Rule (Subtract 3 months, add 7 days, add 1 year)"
26,"At what time intervals after birth is the Apgar score routinely assessed?","1 minute and 5 minutes after birth"
27,"What does the obstetrical acronym GTPAL stand for?","Gravida, Term, Preterm, Abortions, Living children"
28,"What is the term for bluish discoloration of hands and feet in a newborn?","Acrocyanosis"
29,"How many arteries and veins are normally present in an umbilical cord?","2 arteries and 1 vein"
30,"Which fontanelle on a newborn head is diamond-shaped and closes between 12-18 months?","Anterior fontanelle"
31,"What sign is characterized by softening of the lower uterine segment during early pregnancy?","Hegar's sign"
32,"What is the term for the first movement of the fetus felt by the pregnant mother?","Quickening"
33,"Which drug is administered intravenously as first-line therapy to prevent seizures in preeclampsia?","Magnesium sulfate"
34,"By what age should an infant double their birth weight?","5 to 6 months"
35,"By what age should an infant triple their birth weight?","12 months (1 year)"
36,"What type of cough is characteristic of croup (laryngotracheobronchitis)?","Barking or seal-like cough"
37,"What major delayed complication can result from untreated Group A Streptococcal pharyngitis?","Rheumatic fever"
38,"What clinical term refers to neck stiffness upon flexion seen in meningitis?","Nuchal rigidity"
39,"What is the classic stool appearance associated with intussusception?","Red currant jelly stool"
40,"In what position should an infant be placed post-operatively following cleft lip repair?","Supine or side-lying (avoid prone position)"
41,"What sleeping position is recommended by the AAP to reduce the risk of SIDS?","Back sleeping (supine position)"
42,"What is the characteristic appearance of stool in Hirschsprung disease?","Ribbon-like, foul-smelling stool"
43,"What white spots on the oral mucosa are pathognomonic for Measles (Rubeola)?","Koplik's spots"
44,"Which cardiac enzyme biomarker is most specific for diagnosing Myocardial Infarction?","Troponin I and T"
45,"What three signs comprise Beck's Triad in cardiac tamponade?","Hypotension, muffled heart sounds, jugular venous distension"
46,"What arterial blood gas disorder is defined by pH < 7.35 and PaCO2 > 45 mmHg?","Respiratory Acidosis"
47,"What arterial blood gas disorder is defined by pH > 7.45 and HCO3 > 26 mEq/L?","Metabolic Alkalosis"
48,"What classic triad of symptoms characterizes aortic stenosis?","Syncope, angina, and dyspnea"
49,"Which oxygen delivery system provides the most precise high FiO2 for COPD patients?","Venturi mask"
50,"What adventitious breath sound is caused by fluid in small airways during inspiration?","Crackles (rales)"
51,"What high-pitched musical sound is heard primarily during expiration in asthma?","Wheezing"
52,"In what position should a patient be placed immediately after a liver biopsy?","Right side-lying position"
53,"What are the classic symptoms of Deep Vein Thrombosis (DVT) in the leg?","Unilateral edema, warmth, tenderness, and erythema"
54,"What are the three classic symptoms of Diabetes Mellitus?","Polyuria, polydipsia, and polyphagia"
55,"Which hormone deficiency causes Diabetes Insipidus?","Antidiuretic Hormone (ADH / Vasopressin)"
56,"What sign of hypocalcemia is elicited by tapping over the facial nerve?","Chvostek's sign"
57,"What sign of hypocalcemia is elicited by carpal spasm upon inflating a blood pressure cuff?","Trousseau's sign"
58,"What classic dietary restrictions are required for chronic kidney disease (CKD)?","Restricted protein, sodium, potassium, and phosphorus"
59,"Which endocrine condition is characterized by a moon face and buffalo hump?","Cushing's Syndrome"
60,"Which endocrine condition is characterized by bronze skin pigmentation and hypotension?","Addison's Disease"
61,"What classic triad of features defines Graves' disease?","Hyperthyroidism, goiter, and exophthalmos"
62,"What minimum fasting plasma glucose level indicates a diagnosis of Diabetes Mellitus?","126 mg/dL or higher"
63,"What is the normal urine specific gravity range?","1.005 to 1.030"
64,"What is the maximum achievable score on the Glasgow Coma Scale (GCS)?","15"
65,"What three vital sign changes constitute Cushing's Triad in elevated intracranial pressure?","Bradycardia, irregular respirations, and widening pulse pressure"
66,"What type of gait is classically observed in patients with Parkinson's disease?","Shuffling or festinating gait"
67,"What sign occurs when hip extension causes severe pain when the knee is flexed at 90 degrees?","Kernig's sign"
68,"Which nerve is compressed in Carpal Tunnel Syndrome?","Median nerve"
69,"What position should a patient maintain during a lumbar puncture procedure?","C-shape lateral recumbent or sitting leaning forward"
70,"What is a primary nursing priority immediately following a total thyroidectomy?","Airway assessment and monitoring for hypocalcemia"
71,"What is the early hallmark symptom of compartment syndrome?","Severe pain out of proportion to injury unrelieved by analgesics"
72,"What speech disorder is characterized by loss of speech production with intact comprehension?","Broca's Aphasia (Expressive Aphasia)"
73,"What speech disorder is characterized by fluent speech without meaning and impaired comprehension?","Wernicke's Aphasia (Receptive Aphasia)"
74,"What physical exam finding at McBurney's point indicates acute appendicitis?","Rebound tenderness"
75,"What physical sign involves pain in the RUQ on deep inspiration during palpation?","Murphy's sign (Cholecystitis)"
76,"What is the primary mode of transmission for Hepatitis A?","Fecal-oral route"
77,"What is the primary mode of transmission for Hepatitis B and Hepatitis C?","Blood and body fluids"
78,"What characteristic stool feature is produced during cholera infection?","Rice-water stool"
79,"Deficiency of what intrinsic factor causes Pernicious Anemia?","Gastric intrinsic factor (leading to Vitamin B12 malabsorption)"
80,"What abnormal cell type is diagnostic for Hodgkin's Lymphoma on biopsy?","Reed-Sternberg cells"
81,"What essential action must be taken prior to initiating an IV iron infusion?","Administer a test dose to evaluate for allergic reaction"
82,"What liquid helps enhance oral iron supplement absorption when taken together?","Vitamin C (citrus juice)"
83,"What is the normal adult platelet count range per microliter?","150,000 to 450,000 /mm3"
84,"What defense mechanism involves redirecting unacceptable impulses into constructive actions?","Sublimation"
85,"What defense mechanism involves transferring feelings from a threat to a safer target?","Displacement"
86,"Which class of antidepressants is considered first-line therapy for Major Depressive Disorder?","Selective Serotonin Reuptake Inhibitors (SSRIs)"
87,"What life-threatening adverse effect of antipsychotic drugs involves hyperthermia and muscle rigidity?","Neuroleptic Malignant Syndrome (NMS)"
88,"What extrapyramidal symptom involves involuntary repetitive movements like lip-smacking?","Tardive Dyskinesia"
89,"What is the immediate primary goal for a patient during a severe panic attack?","Ensure physical safety and communicate calmly in short sentences"
90,"What psychiatric symptom involves believing external events or media have personal hidden meanings?","Delusions of reference"
91,"What is the initial therapeutic response to a patient experiencing auditory hallucinations?","Acknowledge feelings, validate reality, and redirect focus to neutral topics"
92,"What dietary restriction is mandatory for patients taking Monoamine Oxidase Inhibitors (MAOIs)?","Avoid tyramine-rich foods (aged cheeses, cured meats, wine)"
93,"Waxy flexibility and catalepsy are characteristic of which psychiatric subtype?","Catatonic Schizophrenia"
94,"What is the correct sequence for donning personal protective equipment (PPE)?","Gown, Mask/Respirator, Goggles/Face Shield, Gloves"
95,"What is the correct sequence for doffing personal protective equipment (PPE)?","Gloves, Goggles/Face Shield, Gown, Mask/Respirator"
96,"What type of transmission precaution is required for Pulmonary Tuberculosis?","Airborne precautions (Negative pressure room and N95 mask)"
97,"Which blood type is considered the universal red blood cell donor?","O negative"
98,"Which blood type is considered the universal plasma recipient?","AB positive"
99,"What bioethical principle means 'first, do no harm'?","Nonmaleficence"
100,"What disaster triage tag color is assigned to non-salvageable or deceased victims?","Black tag"
